PLAYER,TEAM,GP,W,L,MIN,DRIVES,FGM,FGA,FG%,FTM,FTA,FT%,PTS,PTS%,PASS,PASS%,AST,AST%,TO,TOV%,PF,PF%
Aaron Gordon,DEN,75,46,29,2375,259,62,117,53,32,40,80,166,64.1,85,32.8,18,6.9,23,8.9,20,7.7
Aaron Henry,PHI,6,6,0,17,1,0,1,0,0,0,0,0,0,0,0,0,0,0,0,0,0
Aaron Holiday,PHX,63,34,29,1021,401,77,167,46.1,27,30,90,185,46.1,179,44.6,52,13,30,7.5,15,3.7
Aaron Nesmith,BOS,52,32,20,574,70,16,29,55.2,6,6,100,42,60,24,34.3,1,1.4,9,12.9,3,4.3
Aaron Wiggins,OKC,50,13,37,1209,203,40,87,46,26,39,66.7,112,55.2,78,38.4,16,7.9,15,7.4,19,9.4
Abdel Nader,PHX,14,11,3,145,29,3,14,21.4,1,2,50,7,24.1,9,31,2,6.9,3,10.3,1,3.4
Ade Murkey,SAC,1,0,1,1,0,0,0,0,0,0,0,0,0,0,0,0,0,0,0,0,0
Admiral Schofield,ORL,38,10,28,469,44,14,23,60.9,9,10,90,37,84.1,13,29.5,4,9.1,2,4.5,5,11.4
Ahmad Caver,IND,1,0,1,1,0,0,0,0,0,0,0,0,0,0,0,0,0,0,0,0,0
Al Horford,BOS,68,46,22,1974,83,20,32,62.5,17,19,89.5,58,69.9,37,44.6,8,9.6,3,3.6,9,10.8
Alec Burks,NYK,80,36,44,2280,499,72,208,34.6,86,113,76.1,241,48.3,186,37.3,44,8.8,24,4.8,56,11.2
Aleem Ford,ORL,5,2,3,74,6,2,3,66.7,0,0,0,4,66.7,1,16.7,1,16.7,2,33.3,0,0
Aleksej Pokusevski,OKC,61,19,42,1233,240,29,75,38.7,15,18,83.3,74,30.8,123,51.3,26,10.8,24,10,9,3.8
Alex Caruso,CHI,41,24,17,1147,164,24,58,41.4,15,18,83.3,64,39,84,51.2,18,11,9,5.5,9,5.5
Alex Len,SAC,39,17,22,620,13,8,11,72.7,0,0,0,18,138.5,0,0,0,0,2,15.4,0,0
Alfonzo McKinnie,CHI,17,8,9,206,16,3,9,33.3,1,2,50,7,43.8,2,12.5,0,0,4,25,1,6.3
Alize Johnson,NOP,23,14,9,167,8,0,5,0,0,0,0,0,0,2,25,1,12.5,1,12.5,0,0
Alperen Sengun,HOU,72,18,54,1489,243,47,113,41.6,44,58,75.9,142,58.4,66,27.2,11,4.5,21,8.6,29,11.9
Amir Coffey,LAC,68,33,35,1541,209,56,105,53.3,36,39,92.3,154,73.7,69,33,11,5.3,12,5.7,20,9.6
Andre Drummond,BKN,73,42,31,1437,70,16,39,41,10,14,71.4,43,61.4,15,21.4,1,1.4,8,11.4,7,10
Andre Iguodala,GSW,30,20,10,583,23,4,6,66.7,2,2,100,10,43.5,15,65.2,3,13,1,4.3,1,4.3
Andrew Wiggins,GSW,72,47,25,2298,494,104,213,48.8,59,91,64.8,272,55.1,192,38.9,30,6.1,29,5.9,45,9.1
Anfernee Simons,POR,57,25,32,1681,432,103,204,50.5,41,47,87.2,251,58.1,156,36.1,38,8.8,36,8.3,23,5.3
Anthony Davis,LAL,40,17,23,1404,107,35,57,61.4,14,20,70,90,84.1,23,21.5,7,6.5,14,13.1,10,9.3
Anthony Edwards,MIN,72,39,33,2466,780,181,362,50,104,128,81.3,481,61.7,268,34.4,50,6.4,64,8.2,64,8.2
Anthony Gill,WAS,44,15,29,463,51,14,30,46.7,10,11,90.9,39,76.5,14,27.5,3,5.9,1,2,6,11.8
Anthony Lamb,HOU,2,0,2,8,0,0,0,0,0,0,0,0,0,0,0,0,0,0,0,0,0
Armoni Brooks,TOR,54,20,34,844,70,13,24,54.2,7,8,87.5,34,48.6,37,52.9,11,15.7,4,5.7,4,5.7
Arnoldas Kulboka,CHA,2,2,0,5,0,0,0,0,0,0,0,0,0,0,0,0,0,0,0,0,0
Austin Reaves,LAL,61,28,33,1418,168,38,64,59.4,33,40,82.5,114,67.9,72,42.9,16,9.5,6,3.6,20,11.9
Austin Rivers,DEN,67,41,26,1480,212,44,84,52.4,22,30,73.3,111,52.4,86,40.6,20,9.4,18,8.5,15,7.1
Avery Bradley,LAL,62,27,35,1406,63,8,31,25.8,2,2,100,19,30.2,27,42.9,6,9.5,2,3.2,1,1.6
Ayo Dosunmu,CHI,77,42,35,2110,325,70,131,53.4,8,11,72.7,151,46.5,162,49.8,45,13.8,23,7.1,6,1.8
BJ Johnson,ORL,4,2,2,65,5,2,4,50,0,0,0,4,80,1,20,0,0,0,0,0,0
Bam Adebayo,MIA,56,36,20,1825,201,64,109,58.7,42,48,87.5,173,86.1,45,22.4,4,2,10,5,23,11.4
Ben McLemore,POR,64,20,44,1285,67,10,22,45.5,9,10,90,31,46.3,32,47.8,6,9,6,9,5,7.5
Bismack Biyombo,PHX,35,29,6,493,1,0,1,0,0,0,0,0,0,0,0,0,0,0,0,0,0
Blake Griffin,BKN,56,29,27,958,40,9,19,47.4,4,6,66.7,22,55,16,40,4,10,2,5,3,7.5
Boban Marjanovic,DAL,23,15,8,128,0,0,0,0,0,0,0,0,0,0,0,0,0,0,0,0,0
Bobby Portis,MIL,72,46,26,2028,107,33,68,48.5,8,10,80,75,70.1,25,23.4,3,2.8,6,5.6,5,4.7
Bogdan Bogdanovic,ATL,63,33,30,1849,408,92,178,51.7,46,50,92,232,56.9,174,42.6,54,13.2,19,4.7,25,6.1
Bojan Bogdanovic,UTA,69,45,24,2131,429,109,218,50,76,81,93.8,302,70.4,115,26.8,26,6.1,42,9.8,41,9.6
Bol Bol,ORL,14,5,9,81,11,3,6,50,0,0,0,7,63.6,5,45.5,2,18.2,0,0,0,0
Bones Hyland,DEN,69,41,28,1310,276,39,104,37.5,25,28,89.3,104,37.7,121,43.8,39,14.1,27,9.8,14,5.1
Brad Wanamaker,WAS,23,10,13,320,92,13,31,41.9,4,6,66.7,33,35.9,49,53.3,10,10.9,8,8.7,3,3.3
Bradley Beal,WAS,40,17,23,1439,695,156,330,47.3,81,92,88,398,57.3,256,36.8,66,9.5,42,6,46,6.6
Brandon Boston Jr.,LAC,50,26,24,740,122,24,72,33.3,12,16,75,62,50.8,30,24.6,7,5.7,6,4.9,8,6.6
Brandon Clarke,MEM,63,43,20,1224,110,41,72,56.9,9,12,75,92,83.6,26,23.6,5,4.5,5,4.5,6,5.5
Brandon Goodwin,CLE,36,19,17,502,178,33,64,51.6,5,10,50,76,42.7,97,54.5,26,14.6,8,4.5,5,2.8
Brandon Ingram,NOP,54,28,26,1834,640,142,275,51.6,97,119,81.5,393,61.4,241,37.7,67,10.5,41,6.4,60,9.4
Brandon Knight,DAL,5,2,3,65,25,4,5,80,0,0,0,8,32,17,68,1,4,1,4,0,0
Brandon Williams,POR,24,2,22,640,252,42,112,37.5,26,44,59.1,115,45.6,96,38.1,26,10.3,15,6,22,8.7
Braxton Key,DET,11,5,6,197,19,7,13,53.8,0,0,0,15,78.9,5,26.3,0,0,1,5.3,0,0
Brodric Thomas,BOS,12,8,4,60,9,1,2,50,0,0,0,2,22.2,7,77.8,2,22.2,0,0,0,0
Brook Lopez,MIL,13,10,3,298,12,4,8,50,2,2,100,10,83.3,1,8.3,1,8.3,2,16.7,1,8.3
Bruce Brown,BKN,72,37,35,1774,187,36,81,44.4,31,35,88.6,107,57.2,77,41.2,13,7,9,4.8,17,9.1
Bruno Fernando,HOU,30,15,15,153,14,5,7,71.4,4,7,57.1,14,100,0,0,0,0,4,28.6,4,28.6
Bryn Forbes,DEN,75,36,39,1286,204,45,100,45,27,30,90,118,57.8,67,32.8,11,5.4,18,8.8,15,7.4
Buddy Hield,IND,80,25,55,2469,442,79,179,44.1,24,28,85.7,185,41.9,212,48,38,8.6,28,6.3,15,3.4
CJ Elleby,POR,58,17,41,1174,167,22,62,35.5,22,28,78.6,67,40.1,71,42.5,14,8.4,13,7.8,14,8.4
CJ McCollum,NOP,62,28,34,2145,696,183,371,49.3,44,65,67.7,423,60.8,236,33.9,63,9.1,39,5.6,32,4.6
CJ Miles,BOS,1,1,0,2,0,0,0,0,0,0,0,0,0,0,0,0,0,0,0,0,0
Cade Cunningham,DET,63,20,43,2057,917,201,407,49.4,82,91,90.1,490,53.4,373,40.7,80,8.7,61,6.7,45,4.9
Caleb Martin,MIA,60,37,23,1372,185,43,78,55.1,33,48,68.8,121,65.4,57,30.8,8,4.3,20,10.8,25,13.5
Cam Reddish,NYK,49,20,29,1012,219,53,111,47.7,43,48,89.6,155,70.8,59,26.9,9,4.1,19,8.7,24,11
Cam Thomas,BKN,67,32,35,1176,297,91,166,54.8,24,30,80,210,70.7,89,30,20,6.7,17,5.7,15,5.1
Cameron Johnson,PHX,65,49,16,1695,193,37,80,46.3,22,28,78.6,101,52.3,77,39.9,16,8.3,18,9.3,14,7.3
Cameron McGriff,POR,3,0,3,46,7,0,2,0,2,2,100,2,28.6,4,57.1,1,14.3,0,0,1,14.3
Cameron Oliver,ATL,2,1,1,43,0,0,0,0,0,0,0,0,0,0,0,0,0,0,0,0,0
Cameron Payne,PHX,57,45,12,1260,552,130,294,44.2,50,56,89.3,313,56.7,171,31,59,10.7,48,8.7,28,5.1
Caris LeVert,CLE,58,23,35,1780,863,211,422,50,68,98,69.4,506,58.6,331,38.4,68,7.9,40,4.6,50,5.8
Carlik Jones,DEN,5,3,2,23,7,1,2,50,0,0,0,2,28.6,4,57.1,2,28.6,1,14.3,0,0
Carmelo Anthony,LAL,69,27,42,1793,46,18,32,56.3,6,8,75,42,91.3,8,17.4,1,2.2,2,4.3,4,8.7
Carsen Edwards,DET,4,1,3,79,13,1,6,16.7,0,0,0,2,15.4,6,46.2,3,23.1,1,7.7,0,0
Cassius Stanley,DET,9,3,6,155,27,8,17,47.1,2,2,100,19,70.4,6,22.2,1,3.7,1,3.7,1,3.7
Cassius Winston,WAS,7,1,6,39,14,1,3,33.3,2,2,100,4,28.6,10,71.4,2,14.3,0,0,1,7.1
Cat Barber,ATL,3,0,3,13,7,0,2,0,0,0,0,0,0,4,57.1,1,14.3,1,14.3,0,0
Cedi Osman,CLE,66,37,29,1462,234,40,89,44.9,25,39,64.1,107,45.7,102,43.6,21,9,12,5.1,19,8.1
Chandler Hutchison,PHX,6,4,2,22,3,0,0,0,2,2,100,2,66.7,2,66.7,0,0,0,0,1,33.3
Charles Bassey,PHI,23,11,12,168,1,0,0,0,0,0,0,0,0,1,100,0,0,0,0,0,0
Charlie Brown Jr.,PHI,22,16,6,178,6,1,4,25,2,2,100,4,66.7,0,0,0,0,1,16.7,1,16.7
Chaundee Brown Jr.,ATL,5,1,4,104,9,1,4,25,4,4,100,6,66.7,3,33.3,0,0,0,0,2,22.2
Cheick Diallo,DET,3,0,3,31,2,0,0,0,3,4,75,3,150,0,0,0,0,0,0,2,100
Chimezie Metu,SAC,59,22,37,1276,181,34,85,40,38,46,82.6,107,59.1,51,28.2,14,7.7,16,8.8,23,12.7
Chris Boucher,TOR,80,48,32,1690,44,10,25,40,14,18,77.8,37,84.1,5,11.4,0,0,2,4.5,9,20.5
Chris Chiozza,GSW,33,21,12,368,121,3,18,16.7,0,0,0,6,5,82,67.8,13,10.7,18,14.9,0,0
Chris Duarte,IND,55,21,34,1541,362,60,154,39,35,44,79.5,159,43.9,134,37,29,8,42,11.6,22,6.1
Chris Paul,PHX,64,52,12,2105,761,181,311,58.2,29,32,90.6,397,52.2,381,50.1,108,14.2,38,5,16,2.1
Chris Silva,MIA,10,7,3,91,0,0,0,0,0,0,0,0,0,0,0,0,0,0,0,0,0
Christian Wood,HOU,68,19,49,2094,300,89,168,53,43,68,63.2,223,74.3,70,23.3,22,7.3,20,6.7,33,11
Chuma Okeke,ORL,70,21,49,1749,219,34,83,41,16,20,80,86,39.3,103,47,23,10.5,18,8.2,10,4.6
Clint Capela,ATL,74,40,34,2042,17,4,9,44.4,7,10,70,15,88.2,1,5.9,0,0,2,11.8,5,29.4
Coby White,CHI,61,32,29,1675,420,93,187,49.7,31,36,86.1,220,52.4,179,42.6,41,9.8,29,6.9,18,4.3
Cody Martin,CHA,70,41,29,1846,245,46,94,48.9,12,16,75,111,45.3,115,46.9,32,13.1,24,9.8,8,3.3
Cody Zeller,POR,27,13,14,355,18,5,10,50,2,4,50,12,66.7,5,27.8,1,5.6,0,0,3,16.7
Cole Anthony,ORL,65,18,47,2059,733,128,288,44.4,80,93,86,349,47.6,318,43.4,69,9.4,57,7.8,48,6.5
Collin Sexton,CLE,11,7,4,316,125,26,52,50,14,16,87.5,68,54.4,43,34.4,9,7.2,14,11.2,9,7.2
Corey Kispert,WAS,77,31,46,1801,109,26,51,51,11,12,91.7,65,59.6,42,38.5,13,11.9,8,7.3,6,5.5
Cory Joseph,DET,65,19,46,1600,443,69,141,48.9,33,39,84.6,178,40.2,233,52.6,49,11.1,32,7.2,19,4.3
Craig Sword,WAS,3,1,2,19,3,0,0,0,0,0,0,0,0,3,100,0,0,0,0,0,0
D'Angelo Russell,MIN,65,39,26,2077,395,106,208,51,52,64,81.3,272,68.9,124,31.4,28,7.1,17,4.3,32,8.1
D.J. Augustin,LAL,55,15,40,883,185,13,35,37.1,9,10,90,38,20.5,113,61.1,17,9.2,26,14.1,5,2.7
D.J. Wilson,TOR,4,2,2,54,4,0,1,0,3,4,75,3,75,1,25,0,0,0,0,2,50
DaQuan Jeffries,MEM,2,2,0,4,0,0,0,0,0,0,0,0,0,0,0,0,0,0,0,0,0
Daishen Nix,HOU,24,3,21,261,86,11,24,45.8,7,16,43.8,30,34.9,46,53.5,10,11.6,5,5.8,8,9.3
Dakota Mathias,MEM,5,4,1,13,0,0,0,0,0,0,0,0,0,0,0,0,0,0,0,0,0
Dalano Banton,TOR,64,37,27,696,162,23,59,39,7,8,87.5,54,33.3,82,50.6,21,13,11,6.8,4,2.5
Damian Jones,SAC,55,18,37,1015,38,13,20,65,3,6,50,33,86.8,8,21.1,1,2.6,3,7.9,3,7.9
Damian Lillard,POR,29,12,17,1056,433,82,165,49.7,70,78,89.7,239,55.2,189,43.6,54,12.5,18,4.2,39,9
Damion Lee,GSW,62,41,21,1227,185,41,81,50.6,13,16,81.3,98,53,79,42.7,12,6.5,11,5.9,8,4.3
Damyean Dotson,NYK,2,1,1,21,3,2,3,66.7,0,0,0,4,133.3,0,0,0,0,0,0,0,0
Daniel Gafford,WAS,72,30,42,1444,22,8,16,50,2,4,50,18,81.8,4,18.2,0,0,0,0,2,9.1
Daniel Oturu,TOR,3,1,2,27,3,1,2,50,2,2,100,4,133.3,0,0,0,0,0,0,1,33.3
Daniel Theis,BOS,47,20,27,977,26,5,12,41.7,1,2,50,11,42.3,9,34.6,2,7.7,4,15.4,1,3.8
Danilo Gallinari,ATL,66,35,31,1672,165,36,73,49.3,29,32,90.6,104,63,55,33.3,14,8.5,10,6.1,16,9.7
Danny Green,PHI,62,37,25,1353,57,8,23,34.8,2,2,100,18,31.6,30,52.6,6,10.5,3,5.3,1,1.8
Danuel House Jr.,UTA,42,18,24,727,93,9,31,29,14,16,87.5,32,34.4,41,44.1,10,10.8,7,7.5,8,8.6
Darius Bazley,OKC,69,19,50,1924,370,74,184,40.2,49,69,71,203,54.9,111,30,20,5.4,29,7.8,36,9.7
Darius Garland,CLE,68,37,31,2430,1189,220,437,50.3,77,86,89.5,529,44.5,577,48.5,161,13.5,94,7.9,43,3.6
Darren Collison,LAL,3,1,2,37,3,0,0,0,0,0,0,0,0,3,100,0,0,0,0,0,0
David Duke Jr.,BKN,22,10,12,341,51,5,21,23.8,3,4,75,13,25.5,21,41.2,3,5.9,5,9.8,2,3.9
David Johnson,TOR,2,2,0,2,0,0,0,0,0,0,0,0,0,0,0,0,0,0,0,0,0
David Nwaba,HOU,46,6,40,609,77,17,37,45.9,18,28,64.3,53,68.8,16,20.8,4,5.2,6,7.8,14,18.2
Davion Mitchell,SAC,74,27,47,2051,717,141,281,50.2,17,28,60.7,299,41.7,367,51.2,107,14.9,41,5.7,14,2
Davis Bertans,DAL,56,32,24,806,49,3,13,23.1,2,2,100,8,16.3,28,57.1,3,6.1,6,12.2,1,2
Davon Reed,DEN,48,29,19,668,55,12,26,46.2,1,2,50,25,45.5,25,45.5,6,10.9,2,3.6,1,1.8
Day'Ron Sharpe,BKN,32,12,20,391,12,3,8,37.5,0,0,0,6,50,3,25,0,0,0,0,0,0
De'Aaron Fox,SAC,58,21,37,2054,968,274,529,51.8,138,189,73,709,73.2,258,26.7,59,6.1,64,6.6,95,9.8
De'Andre Hunter,ATL,53,28,25,1577,299,71,164,43.3,58,77,75.3,202,67.6,65,21.7,24,8,17,5.7,38,12.7
De'Anthony Melton,MEM,72,48,24,1636,330,50,130,38.5,28,34,82.4,131,39.7,150,45.5,34,10.3,26,7.9,17,5.2
DeAndre Jordan,PHI,48,26,22,622,1,1,1,100,0,0,0,2,200,0,0,0,0,0,0,0,0
DeAndre' Bembry,MIL,56,31,25,1026,103,28,56,50,7,8,87.5,64,62.1,33,32,5,4.9,8,7.8,4,3.9
DeJon Jarreau,IND,1,0,1,1,1,0,0,0,0,0,0,0,0,1,100,0,0,0,0,0,0
DeMar DeRozan,CHI,76,43,33,2743,1138,303,542,55.9,174,195,89.2,811,71.3,406,35.7,97,8.5,63,5.5,100,8.8
DeMarcus Cousins,DEN,48,33,15,717,94,24,44,54.5,13,20,65,64,68.1,22,23.4,7,7.4,12,12.8,10,10.6
Dean Wade,CLE,51,27,24,980,62,14,25,56,4,6,66.7,34,54.8,31,50,8,12.9,3,4.8,3,4.8
Deandre Ayton,PHX,58,46,12,1713,27,11,19,57.9,2,4,50,24,88.9,3,11.1,1,3.7,1,3.7,2,7.4
Deividas Sirvydis,DET,3,1,2,27,1,0,1,0,0,0,0,0,0,0,0,0,0,0,0,0,0
Dejounte Murray,SAS,68,30,38,2366,1219,254,503,50.5,99,122,81.1,625,51.3,550,45.1,171,14,72,5.9,60,4.9
Delon Wright,ATL,77,42,35,1453,279,37,90,41.1,25,30,83.3,100,35.8,153,54.8,43,15.4,15,5.4,15,5.4
Deni Avdija,WAS,82,35,47,1984,318,75,152,49.3,28,33,84.8,180,56.6,102,32.1,29,9.1,32,10.1,16,5
Dennis Schroder,HOU,63,32,31,1810,672,140,284,49.3,82,96,85.4,373,55.5,268,39.9,75,11.2,54,8,48,7.1
Dennis Smith Jr.,POR,37,15,22,639,282,45,104,43.3,15,24,62.5,109,38.7,142,50.4,39,13.8,19,6.7,12,4.3
Denzel Valentine,UTA,24,14,10,222,25,2,9,22.2,1,2,50,5,20,14,56,3,12,1,4,1,4
Derrick Favors,OKC,39,15,24,652,0,0,0,0,0,0,0,0,0,0,0,0,0,0,0,0,0
Derrick Jones Jr.,CHI,51,28,23,899,33,5,16,31.3,4,6,66.7,15,45.5,6,18.2,0,0,6,18.2,3,9.1
Derrick Rose,NYK,26,11,15,636,250,63,119,52.9,20,20,100,148,59.2,103,41.2,24,9.6,15,6,11,4.4
Derrick Walton Jr.,DET,3,1,2,108,44,1,9,11.1,2,2,100,4,9.1,27,61.4,9,20.5,7,15.9,1,2.3
Derrick White,BOS,75,40,35,2199,770,136,280,48.6,101,123,82.1,381,49.5,354,46,96,12.5,35,4.5,61,7.9
Desmond Bane,MEM,76,53,23,2266,405,106,236,44.9,27,28,96.4,242,59.8,127,31.4,28,6.9,24,5.9,14,3.5
Devin Booker,PHX,67,55,12,2311,649,154,335,46,82,93,88.2,402,61.9,210,32.4,48,7.4,37,5.7,46,7.1
Devin Cannady,ORL,5,2,3,145,3,0,1,0,0,0,0,0,0,2,66.7,1,33.3,0,0,0,0
Devin Vassell,SAS,71,29,42,1937,315,80,159,50.3,26,32,81.3,191,60.6,117,37.1,25,7.9,17,5.4,16,5.1
Devon Dotson,CHI,11,5,6,85,28,7,9,77.8,2,4,50,16,57.1,16,57.1,2,7.1,1,3.6,2,7.1
Devontae Cacok,SAS,15,5,10,121,9,5,8,62.5,0,0,0,11,122.2,1,11.1,1,11.1,0,0,0,0
Devonte' Graham,NOP,75,33,42,2133,379,42,102,41.2,37,43,86,129,34,211,55.7,52,13.7,29,7.7,21,5.5
Dewayne Dedmon,MIA,67,43,24,1065,14,5,8,62.5,4,4,100,14,100,2,14.3,0,0,2,14.3,2,14.3
Didi Louzada,POR,9,0,9,129,19,0,4,0,0,0,0,0,0,13,68.4,1,5.3,2,10.5,0,0
Dillon Brooks,MEM,31,21,10,861,274,81,188,43.1,33,38,86.8,200,73,49,17.9,14,5.1,12,4.4,19,6.9
Domantas Sabonis,SAC,62,21,41,2136,216,41,71,57.7,18,28,64.3,106,49.1,92,42.6,14,6.5,24,11.1,15,6.9
Donovan Mitchell,UTA,67,41,26,2266,1020,275,510,53.9,117,136,86,689,67.5,329,32.3,78,7.6,65,6.4,71,7
Donte DiVincenzo,SAC,42,21,21,1005,194,15,50,30,15,18,83.3,46,23.7,110,56.7,30,15.5,16,8.2,9,4.6
Dorian Finney-Smith,DAL,80,51,29,2644,258,41,84,48.8,17,25,68,100,38.8,135,52.3,39,15.1,21,8.1,12,4.7
Doug McDermott,SAS,51,21,30,1223,175,47,109,43.1,12,14,85.7,108,61.7,49,28,12,6.9,9,5.1,7,4
Draymond Green,GSW,46,34,12,1329,127,33,53,62.3,18,24,75,86,67.7,53,41.7,19,15,7,5.5,12,9.4
Drew Eubanks,POR,71,19,52,1245,36,5,13,38.5,7,8,87.5,17,47.2,15,41.7,1,2.8,4,11.1,4,11.1
Duane Washington Jr.,IND,48,12,36,968,229,55,128,43,21,26,80.8,133,58.1,67,29.3,20,8.7,15,6.6,13,5.7
Duncan Robinson,MIA,79,52,27,2043,145,22,43,51.2,8,8,100,52,35.9,86,59.3,21,14.5,9,6.2,4,2.8
Dwight Howard,LAL,60,21,39,971,5,2,3,66.7,2,2,100,6,120,0,0,0,0,1,20,1,20
Dwight Powell,DAL,82,52,30,1798,43,11,24,45.8,4,4,100,29,67.4,15,34.9,4,9.3,0,0,2,4.7
Dylan Windler,CLE,50,28,22,459,45,5,10,50,4,4,100,15,33.3,27,60,9,20,5,11.1,2,4.4
Ed Davis,CLE,31,15,16,201,0,0,0,0,0,0,0,0,0,0,0,0,0,0,0,0,0
Elfrid Payton,PHX,49,38,11,535,227,40,106,37.7,6,18,33.3,88,38.8,88,38.8,20,8.8,18,7.9,9,4
Elijah Hughes,POR,36,15,21,434,65,13,27,48.1,2,2,100,29,44.6,29,44.6,6,9.2,7,10.8,1,1.5
Emanuel Terry,PHX,3,2,1,18,1,0,0,0,0,0,0,0,0,1,100,1,100,0,0,0,0
Emmanuel Mudiay,SAC,2,0,2,11,5,0,1,0,1,2,50,1,20,3,60,2,40,0,0,1,20
Enes Freedom,BOS,34,20,14,400,2,1,2,50,0,0,0,2,100,0,0,0,0,0,0,0,0
Eric Bledsoe,POR,53,27,26,1325,499,88,171,51.5,37,49,75.5,223,44.7,234,46.9,53,10.6,37,7.4,24,4.8
Eric Gordon,HOU,57,19,38,1670,440,133,230,57.8,54,74,73,333,75.7,126,28.6,27,6.1,35,8,37,8.4
Eric Paschall,UTA,58,36,22,737,140,40,65,61.5,30,35,85.7,117,83.6,42,30,6,4.3,14,10,17,12.1
Eugene Omoruyi,DAL,4,1,3,18,2,0,1,0,0,0,0,0,0,1,50,0,0,0,0,0,0
Evan Fournier,NYK,79,35,44,2316,392,83,177,46.9,29,36,80.6,202,51.5,157,40.1,39,9.9,28,7.1,18,4.6
Evan Mobley,CLE,69,40,29,2331,240,51,131,38.9,29,40,72.5,134,55.8,61,25.4,12,5,18,7.5,20,8.3
Facundo Campazzo,DEN,65,38,27,1184,250,18,53,34,17,20,85,54,21.6,162,64.8,42,16.8,17,6.8,10,4
Feron Hunt,NYK,2,2,0,8,0,0,0,0,0,0,0,0,0,0,0,0,0,0,0,0,0
Frank Jackson,DET,53,9,44,1164,185,49,110,44.5,19,25,76,119,64.3,45,24.3,8,4.3,12,6.5,12,6.5
Frank Kaminsky,PHX,9,8,1,181,12,5,9,55.6,0,0,0,10,83.3,2,16.7,1,8.3,1,8.3,0,0
Frank Ntilikina,DAL,58,34,24,685,123,23,52,44.2,8,8,100,54,43.9,59,48,17,13.8,5,4.1,4,3.3
Franz Wagner,ORL,79,21,58,2429,717,200,435,46,97,107,90.7,506,70.6,173,24.1,48,6.7,33,4.6,54,7.5
Fred VanVleet,TOR,65,39,26,2462,844,94,234,40.2,60,63,95.2,251,29.7,487,57.7,118,14,67,7.9,32,3.8
Freddie Gillespie,ORL,9,1,8,119,3,1,1,100,0,0,0,2,66.7,2,66.7,0,0,0,0,0,0
Furkan Korkmaz,PHI,67,44,23,1414,247,54,113,47.8,26,34,76.5,136,55.1,99,40.1,24,9.7,10,4,17,6.9
Gabe Vincent,MIA,68,47,21,1589,343,50,101,49.5,17,21,81,117,34.1,194,56.6,44,12.8,23,6.7,10,2.9
Gabe York,IND,2,0,2,21,2,1,1,100,0,0,0,3,150,1,50,1,50,0,0,0,0
Gabriel Deck,OKC,7,2,5,56,7,2,2,100,0,0,0,4,57.1,4,57.1,2,28.6,1,14.3,0,0
Gabriel Lundberg,PHX,4,1,3,44,11,0,2,0,0,0,0,0,0,8,72.7,4,36.4,0,0,0,0
Garrett Temple,NOP,58,22,36,1080,103,12,35,34.3,7,12,58.3,32,31.1,52,50.5,13,12.6,8,7.8,6,5.8
Garrison Mathews,HOU,65,19,46,1712,77,9,23,39.1,14,18,77.8,33,42.9,37,48.1,12,15.6,6,7.8,9,11.7
Gary Clark,NOP,37,19,18,363,19,3,9,33.3,1,2,50,7,36.8,9,47.4,4,21.1,0,0,1,5.3
Gary Harris,ORL,61,16,45,1730,224,52,105,49.5,7,9,77.8,112,50,88,39.3,24,10.7,20,8.9,4,1.8
Gary Payton II,GSW,70,47,23,1234,30,5,9,55.6,2,4,50,12,40,16,53.3,2,6.7,2,6.7,2,6.7
Gary Trent Jr.,TOR,70,44,26,2448,318,89,209,42.6,35,40,87.5,213,67,75,23.6,19,6,12,3.8,19,6
George Hill,MIL,54,36,18,1253,181,31,76,40.8,13,14,92.9,76,42,81,44.8,23,12.7,14,7.7,7,3.9
George King,DAL,4,2,2,19,1,0,1,0,0,0,0,0,0,0,0,0,0,0,0,0,0
Georges Niang,PHI,76,48,28,1736,229,51,103,49.5,23,25,92,130,56.8,91,39.7,18,7.9,17,7.4,13,5.7
Georgios Kalaitzakis,OKC,13,8,5,213,30,5,12,41.7,1,2,50,12,40,8,26.7,1,3.3,8,26.7,1,3.3
Giannis Antetokounmpo,MIL,67,45,22,2204,782,183,301,60.8,158,226,69.9,542,69.3,264,33.8,75,9.6,60,7.7,113,14.5
Goga Bitadze,IND,50,17,33,729,17,5,7,71.4,2,2,100,12,70.6,6,35.3,1,5.9,2,11.8,1,5.9
Goran Dragic,BKN,21,10,11,498,138,26,53,49.1,11,14,78.6,63,45.7,69,50,10,7.2,7,5.1,7,5.1
Gordon Hayward,CHA,48,26,22,1529,400,60,152,39.5,44,51,86.3,168,42,175,43.8,41,10.3,26,6.5,25,6.3
Gorgui Dieng,ATL,44,23,21,371,20,2,9,22.2,0,0,0,5,25,10,50,1,5,1,5,0,0
Grant Williams,BOS,76,49,27,1860,121,20,44,45.5,22,25,88,65,53.7,52,43,11,9.1,10,8.3,12,9.9
Grayson Allen,MIL,66,43,23,1805,289,52,113,46,21,26,80.8,126,43.6,139,48.1,24,8.3,17,5.9,13,4.5
Greg Brown III,POR,48,14,34,640,62,5,22,22.7,15,21,71.4,24,38.7,20,32.3,7,11.3,7,11.3,10,16.1
Greg Monroe,MIN,14,7,7,195,6,1,2,50,0,2,0,2,33.3,1,16.7,1,16.7,0,0,1,16.7
Hamidou Diallo,DET,57,14,43,1244,287,87,176,49.4,30,48,62.5,207,72.1,60,20.9,10,3.5,17,5.9,23,8
Harrison Barnes,SAC,76,26,50,2550,613,117,242,48.3,145,174,83.3,397,64.8,223,36.4,58,9.5,45,7.3,88,14.4
Hassan Whiteside,UTA,65,40,25,1162,13,6,8,75,2,2,100,14,107.7,2,15.4,1,7.7,2,15.4,1,7.7
Hassani Gravett,ORL,8,2,6,171,24,5,8,62.5,0,0,0,10,41.7,13,54.2,1,4.2,2,8.3,0,0
Haywood Highsmith,MIA,19,13,6,163,8,3,4,75,0,0,0,6,75,3,37.5,1,12.5,1,12.5,0,0
Herbert Jones,NOP,77,35,42,2298,292,63,137,46,42,48,87.5,174,59.6,100,34.2,19,6.5,26,8.9,24,8.2
Ignas Brazdeikis,ORL,42,9,33,536,148,27,57,47.4,11,16,68.8,65,43.9,73,49.3,18,12.2,4,2.7,8,5.4
Immanuel Quickley,NYK,77,34,43,1777,573,102,222,45.9,61,69,88.4,275,48,270,47.1,74,12.9,34,5.9,33,5.8
Isaac Bonga,TOR,15,9,6,69,3,0,1,0,1,2,50,1,33.3,1,33.3,0,0,0,0,1,33.3
Isaac Okoro,CLE,67,34,33,1981,222,40,96,41.7,26,35,74.3,105,47.3,88,39.6,25,11.3,14,6.3,17,7.7
Isaiah Hartenstein,LAC,68,37,31,1216,77,16,37,43.2,13,22,59.1,45,58.4,22,28.6,5,6.5,3,3.9,11,14.3
Isaiah Jackson,IND,36,9,27,541,13,3,9,33.3,2,2,100,8,61.5,2,15.4,0,0,1,7.7,1,7.7
Isaiah Joe,PHI,55,35,20,609,52,5,13,38.5,0,0,0,12,23.1,30,57.7,3,5.8,5,9.6,0,0
Isaiah Livers,DET,19,8,11,383,32,6,9,66.7,5,6,83.3,18,56.3,16,50,2,6.3,3,9.4,3,9.4
Isaiah Roby,OKC,45,10,35,948,106,22,50,44,13,26,50,59,55.7,31,29.2,7,6.6,7,6.6,13,12.3
Isaiah Stewart,DET,70,21,49,1795,23,6,13,46.2,3,4,75,15,65.2,6,26.1,0,0,2,8.7,2,8.7
Isaiah Thomas,CHA,22,12,10,333,111,24,56,42.9,9,10,90,57,51.4,39,35.1,6,5.4,6,5.4,5,4.5
Isaiah Todd,WAS,12,1,11,74,7,1,3,33.3,0,2,0,2,28.6,0,0,0,0,2,28.6,1,14.3
Ish Smith,WAS,64,27,37,1114,536,77,173,44.5,8,12,66.7,163,30.4,322,60.1,85,15.9,25,4.7,6,1.1
Ish Wainright,PHX,44,35,9,348,28,9,13,69.2,0,2,0,18,64.3,13,46.4,2,7.1,0,0,1,3.6
Ivica Zubac,LAC,76,40,36,1852,17,7,11,63.6,3,4,75,17,100,3,17.6,0,0,1,5.9,2,11.8
JT Thor,CHA,33,18,15,262,24,4,8,50,8,11,72.7,16,66.7,6,25,0,0,3,12.5,5,20.8
Ja Morant,MEM,56,35,21,1864,1170,321,630,51,165,212,77.8,828,70.8,333,28.5,89,7.6,78,6.7,106,9.1
JaMychal Green,DEN,67,36,31,1085,17,2,6,33.3,2,2,100,6,35.3,8,47.1,2,11.8,2,11.8,1,5.9
JaQuori McLaughlin,DAL,4,2,2,11,1,0,0,0,0,0,0,0,0,1,100,1,100,0,0,0,0
JaVale McGee,PHX,74,57,17,1172,55,16,38,42.1,5,6,83.3,38,69.1,4,7.3,0,0,7,12.7,3,5.5
Jabari Parker,BOS,12,4,8,112,12,0,4,0,2,2,100,2,16.7,3,25,0,0,3,25,1,8.3
Jaden McDaniels,MIN,70,40,30,1803,206,57,106,53.8,11,12,91.7,134,65,73,35.4,19,9.2,17,8.3,6,2.9
Jaden Springer,PHI,2,2,0,6,1,0,0,0,0,0,0,0,0,1,100,0,0,0,0,0,0
Jae Crowder,PHX,67,54,13,1886,96,31,54,57.4,12,16,75,77,80.2,27,28.1,5,5.2,5,5.2,8,8.3
Jae'Sean Tate,HOU,78,19,59,2056,407,100,197,50.8,28,41,68.3,229,56.3,148,36.4,22,5.4,28,6.9,21,5.2
Jahmi'us Ramsey,SAC,19,2,17,134,38,7,21,33.3,5,8,62.5,19,50,10,26.3,2,5.3,1,2.6,4,10.5
Jaime Echenique,WAS,1,1,0,3,0,0,0,0,0,0,0,0,0,0,0,0,0,0,0,0,0
Jake Layman,MIN,34,20,14,231,22,3,11,27.3,3,4,75,10,45.5,8,36.4,4,18.2,1,4.5,2,9.1
Jakob Poeltl,SAS,68,30,38,1970,65,18,31,58.1,3,10,30,39,60,23,35.4,9,13.8,5,7.7,5,7.7
Jalen Brunson,DAL,79,50,29,2524,1078,286,504,56.7,75,83,90.4,664,61.6,449,41.7,96,8.9,49,4.5,42,3.9
Jalen Green,HOU,67,12,55,2138,590,118,252,46.8,95,120,79.2,344,58.3,199,33.7,37,6.3,56,9.5,59,10
Jalen Johnson,ATL,22,14,8,120,19,5,10,50,2,2,100,12,63.2,7,36.8,0,0,1,5.3,1,5.3
Jalen McDaniels,CHA,54,34,20,881,167,29,61,47.5,29,38,76.3,88,52.7,63,37.7,16,9.6,16,9.6,19,11.4
Jalen Smith,IND,50,28,22,891,39,10,23,43.5,7,8,87.5,27,69.2,7,17.9,3,7.7,5,12.8,4,10.3
Jalen Suggs,ORL,48,16,32,1307,430,68,177,38.4,52,70,74.3,194,45.1,156,36.3,37,8.6,51,11.9,35,8.1
James Bouknight,CHA,30,15,15,301,81,14,44,31.8,12,14,85.7,40,49.4,26,32.1,6,7.4,2,2.5,7,8.6
James Ennis III,DEN,7,3,4,56,9,3,6,50,0,0,0,6,66.7,2,22.2,1,11.1,1,11.1,0,0
James Harden,PHI,65,40,25,2420,1038,179,382,46.9,209,241,86.7,593,57.1,429,41.3,126,12.1,73,7,122,11.8
James Johnson,BKN,62,30,32,1191,180,55,95,57.9,13,25,52,127,70.6,57,31.7,16,8.9,12,6.7,13,7.2
Jamorko Pickett,DET,13,4,9,176,5,0,2,0,0,0,0,0,0,2,40,0,0,0,0,0,0
Jared Butler,UTA,42,31,11,360,110,22,43,51.2,5,6,83.3,49,44.5,54,49.1,16,14.5,7,6.4,3,2.7
Jared Harper,NOP,5,2,3,43,16,5,8,62.5,0,0,0,11,68.8,6,37.5,0,0,0,0,0,0
Jaren Jackson Jr.,MEM,77,52,25,2100,432,127,289,43.9,100,126,79.4,367,85,43,10,11,2.5,26,6,63,14.6
Jarred Vanderbilt,MIN,74,41,33,1881,42,5,13,38.5,1,2,50,11,26.2,21,50,0,0,7,16.7,1,2.4
Jarrett Allen,CLE,56,35,21,1810,62,26,34,76.5,5,8,62.5,62,100,17,27.4,2,3.2,3,4.8,4,6.5
Jarrett Culver,MEM,36,27,9,333,85,15,35,42.9,6,16,37.5,37,43.5,31,36.5,5,5.9,6,7.1,8,9.4
Jarron Cumberland,POR,3,0,3,12,0,0,0,0,0,0,0,0,0,0,0,0,0,0,0,0,0
Javin DeLaurier,MIL,1,1,0,3,0,0,0,0,0,0,0,0,0,0,0,0,0,0,0,0,0
Javonte Green,CHI,65,38,27,1519,81,27,48,56.3,19,22,86.4,76,93.8,13,16,2,2.5,5,6.2,12,14.8
Javonte Smart,MIA,17,11,6,200,33,5,16,31.3,0,0,0,10,30.3,14,42.4,3,9.1,3,9.1,0,0
Jaxson Hayes,NOP,69,28,41,1386,55,12,27,44.4,21,24,87.5,45,81.8,12,21.8,2,3.6,4,7.3,12,21.8
Jay Huff,LAL,4,0,4,20,1,0,1,0,0,0,0,0,0,0,0,0,0,0,0,0,0
Jay Scrubb,LAC,17,8,9,119,18,4,8,50,2,4,50,10,55.6,7,38.9,2,11.1,1,5.6,2,11.1
Jaylen Brown,BOS,65,43,22,2186,719,160,312,51.3,87,115,75.7,417,58,285,39.6,68,9.5,42,5.8,58,8.1
Jaylen Hoard,OKC,7,2,5,240,48,9,23,39.1,3,6,50,23,47.9,18,37.5,4,8.3,2,4.2,3,6.3
Jaylen Morris,SAS,3,0,3,16,6,0,3,0,0,0,0,0,0,2,33.3,2,33.3,1,16.7,0,0
Jaylen Nowell,MIN,62,37,25,975,272,75,160,46.9,30,36,83.3,187,68.8,82,30.1,20,7.4,7,2.6,18,6.6
Jaysean Paige,DET,1,1,0,7,1,0,0,0,0,0,0,0,0,1,100,0,0,0,0,0,0
Jayson Tatum,BOS,75,49,26,2691,853,197,404,48.8,155,170,91.2,566,66.4,274,32.1,67,7.9,60,7,84,9.8
Jeff Dowtin Jr.,ORL,9,4,5,108,22,1,6,16.7,0,0,0,2,9.1,14,63.6,3,13.6,2,9.1,0,0
Jeff Green,DEN,75,44,31,1849,111,34,58,58.6,38,47,80.9,110,99.1,19,17.1,5,4.5,6,5.4,24,21.6
Jemerrio Jones,LAL,2,0,2,15,0,0,0,0,0,0,0,0,0,0,0,0,0,0,0,0,0
Jerami Grant,DET,47,11,36,1500,391,82,167,49.1,65,76,85.5,237,60.6,130,33.2,25,6.4,28,7.2,39,10
Jeremiah Robinson-Earl,OKC,49,15,34,1087,32,5,14,35.7,2,4,50,12,37.5,13,40.6,3,9.4,3,9.4,2,6.3
Jeremy Lamb,SAC,56,23,33,936,227,46,110,41.8,38,48,79.2,137,60.4,80,35.2,23,10.1,11,4.8,24,10.6
Jericho Sims,NYK,41,19,22,555,0,0,0,0,0,0,0,0,0,0,0,0,0,0,0,0,0
Jevon Carter,MIL,66,39,27,905,82,7,23,30.4,1,2,50,15,18.3,52,63.4,10,12.2,5,6.1,1,1.2
Jimmy Butler,MIA,57,38,19,1931,764,137,277,49.5,149,176,84.7,435,56.9,341,44.6,80,10.5,38,5,88,11.5
Jock Landale,SAS,54,24,30,589,6,0,1,0,3,4,75,3,50,3,50,0,0,0,0,2,33.3
Joe Harris,BKN,14,10,4,423,56,8,23,34.8,3,4,75,19,33.9,21,37.5,3,5.4,7,12.5,2,3.6
Joe Ingles,POR,45,28,17,1122,170,33,50,66,5,10,50,72,42.4,97,57.1,22,12.9,14,8.2,5,2.9
Joe Johnson,BOS,1,1,0,2,1,0,0,0,0,0,0,0,0,1,100,0,0,0,0,0,0
Joe Wieskamp,SAS,29,11,18,205,9,1,3,33.3,2,2,100,4,44.4,5,55.6,0,0,0,0,1,11.1
Joel Ayayi,WAS,7,1,6,20,4,0,3,0,0,0,0,0,0,1,25,1,25,0,0,0,0
Joel Embiid,PHI,68,45,23,2296,357,108,180,60,107,139,77,335,93.8,64,17.9,15,4.2,31,8.7,70,19.6
John Collins,ATL,54,26,28,1663,120,34,60,56.7,16,20,80,87,72.5,37,30.8,8,6.7,7,5.8,10,8.3
John Konchar,MEM,72,48,24,1292,87,18,29,62.1,5,6,83.3,41,47.1,47,54,7,8,7,8,3,3.4
Jon Teske,MEM,2,2,0,5,0,0,0,0,0,0,0,0,0,0,0,0,0,0,0,0,0
Jonas Valanciunas,NOP,73,33,40,2209,97,20,48,41.7,12,14,85.7,55,56.7,24,24.7,5,5.2,11,11.3,7,7.2
Jonathan Kuminga,GSW,69,44,25,1165,208,59,101,58.4,40,62,64.5,161,77.4,57,27.4,7,3.4,15,7.2,31,14.9
Jordan Bell,CHI,1,1,0,2,0,0,0,0,0,0,0,0,0,0,0,0,0,0,0,0,0
Jordan Clarkson,UTA,79,47,32,2141,799,218,409,53.3,54,64,84.4,512,64.1,272,34,67,8.4,61,7.6,32,4
Jordan Goodwin,WAS,2,1,1,6,2,0,1,0,0,0,0,0,0,1,50,0,0,0,0,0,0
Jordan McLaughlin,MIN,62,36,26,902,171,19,59,32.2,10,14,71.4,50,29.2,91,53.2,26,15.2,7,4.1,7,4.1
Jordan Nwora,MIL,62,34,28,1185,175,44,97,45.4,17,20,85,105,60,51,29.1,13,7.4,11,6.3,10,5.7
Jordan Poole,GSW,75,49,26,2251,612,146,266,54.9,89,95,93.7,393,64.2,239,39.1,61,10,43,7,48,7.8
Jordan Schakel,WAS,4,1,3,30,2,0,1,0,0,0,0,0,0,1,50,0,0,0,0,0,0
Jose Alvarado,NOP,53,24,29,823,280,63,114,55.3,17,30,56.7,144,51.4,132,47.1,37,13.2,13,4.6,15,5.4
Josh Christopher,HOU,74,18,56,1334,337,72,155,46.5,31,44,70.5,177,52.5,118,35,27,8,29,8.6,22,6.5
Josh Giddey,OKC,54,17,37,1700,640,109,247,44.1,24,30,80,244,38.1,318,49.7,67,10.5,43,6.7,15,2.3
Josh Green,DAL,67,44,23,1039,155,24,55,43.6,6,10,60,56,36.1,79,51,22,14.2,14,9,5,3.2
Josh Hart,POR,53,19,34,1757,357,89,154,57.8,35,46,76.1,223,62.5,151,42.3,42,11.8,21,5.9,24,6.7
Josh Jackson,SAC,50,12,38,814,122,21,51,41.2,7,12,58.3,51,41.8,46,37.7,10,8.2,12,9.8,6,4.9
Josh Okogie,MIN,49,23,26,516,52,8,19,42.1,8,12,66.7,26,50,20,38.5,4,7.7,5,9.6,6,11.5
Josh Richardson,SAS,64,38,26,1584,309,58,140,41.4,21,25,84,139,45,125,40.5,20,6.5,23,7.4,11,3.6
Joshua Primo,SAS,50,22,28,965,197,23,66,34.8,17,21,81,64,32.5,99,50.3,14,7.1,12,6.1,10,5.1
Jrue Holiday,MIL,67,47,20,2207,872,184,355,51.8,73,95,76.8,446,51.1,383,43.9,103,11.8,66,7.6,48,5.5
Juan Toscano-Anderson,GSW,73,51,22,994,151,25,49,51,10,20,50,61,40.4,73,48.3,20,13.2,13,8.6,10,6.6
Juancho Hernangomez,UTA,40,20,20,445,32,2,8,25,7,10,70,11,34.4,17,53.1,3,9.4,1,3.1,5,15.6
Julius Randle,NYK,71,31,40,2506,642,120,251,47.8,71,97,73.2,324,50.5,269,41.9,57,8.9,55,8.6,49,7.6
Justin Anderson,IND,16,3,13,316,33,6,11,54.5,5,8,62.5,21,63.6,16,48.5,9,27.3,2,6.1,4,12.1
Justin Champagnie,TOR,36,21,15,281,8,2,4,50,0,0,0,4,50,2,25,0,0,2,25,0,0
Justin Holiday,SAC,74,25,49,2057,141,11,27,40.7,6,8,75,28,19.9,85,60.3,23,16.3,18,12.8,4,2.8
Justin Jackson,PHX,6,5,1,31,4,0,2,0,0,0,0,0,0,1,25,0,0,1,25,0,0
Justin Robinson,DET,24,13,11,295,44,3,13,23.1,0,2,0,6,13.6,25,56.8,7,15.9,3,6.8,1,2.3
Justise Winslow,POR,47,24,23,761,113,18,42,42.9,5,8,62.5,41,36.3,53,46.9,12,10.6,10,8.8,4,3.5
Jusuf Nurkic,POR,56,25,31,1578,46,13,24,54.2,11,18,61.1,37,80.4,5,10.9,1,2.2,7,15.2,9,19.6
Juwan Morgan,BOS,2,1,1,31,0,0,0,0,0,0,0,0,0,0,0,0,0,0,0,0,0
KZ Okpala,MIA,21,14,7,244,29,3,9,33.3,2,2,100,8,27.6,19,65.5,2,6.9,0,0,1,3.4
Kai Jones,CHA,20,14,6,61,7,0,2,0,2,2,100,2,28.6,1,14.3,1,14.3,3,42.9,1,14.3
Karl-Anthony Towns,MIN,74,44,30,2475,586,172,295,58.3,117,145,80.7,485,82.8,144,24.6,24,4.1,52,8.9,72,12.3
Keifer Sykes,IND,32,6,26,566,108,11,39,28.2,4,4,100,26,24.1,50,46.3,8,7.4,17,15.7,2,1.9
Keita Bates-Diop,SAS,59,23,36,957,79,13,42,31,7,8,87.5,34,43,18,22.8,4,5.1,13,16.5,4,5.1
Kelan Martin,BOS,30,14,16,450,72,18,41,43.9,4,4,100,40,55.6,26,36.1,4,5.6,3,4.2,2,2.8
Keldon Johnson,SAS,75,33,42,2392,603,153,347,44.1,71,95,74.7,390,64.7,158,26.2,40,6.6,37,6.1,47,7.8
Keljin Blevins,POR,31,4,27,349,35,5,14,35.7,3,4,75,13,37.1,15,42.9,1,2.9,4,11.4,2,5.7
Kelly Olynyk,DET,40,13,27,764,103,13,30,43.3,9,14,64.3,37,35.9,51,49.5,13,12.6,8,7.8,7,6.8
Kelly Oubre Jr.,CHA,75,39,36,1985,271,79,165,47.9,42,60,70,204,75.3,53,19.6,11,4.1,18,6.6,30,11.1
Kemba Walker,NYK,37,16,21,948,273,50,107,46.7,26,30,86.7,130,47.6,127,46.5,33,12.1,18,6.6,15,5.5
Kenrich Williams,OKC,49,17,32,1072,203,31,62,50,12,18,66.7,74,36.5,108,53.2,25,12.3,15,7.4,9,4.4
Kent Bazemore,LAL,39,16,23,545,38,5,15,33.3,0,0,0,10,26.3,16,42.1,7,18.4,5,13.2,0,0
Kentavious Caldwell-Pope,WAS,77,34,43,2329,272,49,120,40.8,41,48,85.4,144,52.9,94,34.6,24,8.8,25,9.2,25,9.2
Kenyon Martin Jr.,HOU,79,20,59,1656,190,45,92,48.9,15,24,62.5,109,57.4,70,36.8,17,8.9,12,6.3,11,5.8
Keon Johnson,POR,36,8,28,694,183,34,85,40,17,18,94.4,85,46.4,64,35,17,9.3,16,8.7,9,4.9
Kessler Edwards,BKN,48,22,26,987,37,7,17,41.2,7,8,87.5,22,59.5,10,27,1,2.7,5,13.5,4,10.8
Kevin Durant,BKN,55,36,19,2047,537,155,285,54.4,76,82,92.7,390,72.6,164,30.5,41,7.6,31,5.8,41,7.6
Kevin Huerter,ATL,74,40,34,2188,312,82,176,46.6,15,16,93.8,181,58,94,30.1,24,7.7,26,8.3,8,2.6
Kevin Knox II,ATL,30,18,12,222,22,3,10,30,4,6,66.7,10,45.5,7,31.8,1,4.5,1,4.5,3,13.6
Kevin Love,CLE,74,38,36,1665,62,15,32,46.9,4,4,100,35,56.5,15,24.2,1,1.6,8,12.9,2,3.2
Kevin Pangos,CLE,24,16,8,166,51,8,18,44.4,0,0,0,16,31.4,28,54.9,6,11.8,1,2,0,0
Kevin Porter Jr.,HOU,61,16,45,1907,574,98,214,45.8,48,70,68.6,251,43.7,245,42.7,68,11.8,58,10.1,35,6.1
Kevon Looney,GSW,81,53,28,1713,57,12,34,35.3,6,8,75,30,52.6,17,29.8,4,7,1,1.8,4,7
Khem Birch,TOR,55,34,21,991,21,4,6,66.7,6,10,60,14,66.7,7,33.3,2,9.5,2,9.5,5,23.8
Khris Middleton,MIL,66,44,22,2141,526,104,208,50,44,52,84.6,258,49,232,44.1,56,10.6,41,7.8,26,4.9
Killian Hayes,DET,65,21,44,1617,413,68,161,42.2,24,26,92.3,161,39,212,51.3,44,10.7,24,5.8,13,3.1
Killian Tillie,MEM,35,26,9,441,40,7,20,35,0,0,0,14,35,15,37.5,2,5,3,7.5,0,0
Kira Lewis Jr.,NOP,24,6,18,341,108,28,54,51.9,5,6,83.3,61,56.5,42,38.9,13,12,6,5.6,3,2.8
Klay Thompson,GSW,32,17,15,941,185,39,87,44.8,18,18,100,97,52.4,76,41.1,24,13,9,4.9,9,4.9
Kris Dunn,POR,14,1,13,336,126,20,43,46.5,9,10,90,53,42.1,58,46,16,12.7,15,11.9,5,4
Kristaps Porzingis,WAS,51,26,25,1481,138,39,78,50,27,30,90,108,78.3,36,26.1,6,4.3,8,5.8,15,10.9
Kyle Anderson,MEM,69,46,23,1484,259,66,152,43.4,15,22,68.2,151,58.3,77,29.7,17,6.6,15,5.8,11,4.2
Kyle Guy,MIA,19,15,4,186,44,6,18,33.3,1,2,50,14,31.8,17,38.6,7,15.9,8,18.2,1,2.3
Kyle Kuzma,WAS,66,29,37,2204,540,131,263,49.8,72,96,75,339,62.8,179,33.1,58,10.7,41,7.6,49,9.1
Kyle Lowry,MIA,63,41,22,2133,452,73,133,54.9,41,48,85.4,190,42,254,56.2,64,14.2,26,5.8,24,5.3
Kyrie Irving,BKN,29,14,15,1092,345,112,213,52.6,34,36,94.4,268,77.7,84,24.3,20,5.8,18,5.2,18,5.2
LaMarcus Aldridge,BKN,47,26,21,1050,16,7,11,63.6,0,0,0,15,93.8,3,18.8,1,6.3,0,0,0,0
LaMelo Ball,CHA,74,39,35,2391,1024,197,444,44.4,75,84,89.3,481,47,432,42.2,120,11.7,69,6.7,42,4.1
Lamar Stevens,CLE,63,35,28,1015,152,46,93,49.5,14,18,77.8,108,71.1,37,24.3,7,4.6,11,7.2,9,5.9
Lance Stephenson,IND,46,11,35,814,246,66,113,58.4,43,54,79.6,179,72.8,76,30.9,26,10.6,23,9.3,27,11
Landry Shamet,PHX,69,53,16,1437,180,27,72,37.5,10,14,71.4,66,36.7,83,46.1,18,10,13,7.2,7,3.9
Langston Galloway,MIL,7,4,3,107,8,1,2,50,0,0,0,2,25,5,62.5,3,37.5,1,12.5,0,0
Larry Nance Jr.,NOP,46,19,27,1040,32,6,18,33.3,5,8,62.5,18,56.3,7,21.9,1,3.1,3,9.4,4,12.5
Lauri Markkanen,CLE,61,32,29,1878,142,34,73,46.6,18,21,85.7,90,63.4,42,29.6,5,3.5,9,6.3,11,7.7
LeBron James,LAL,56,25,31,2084,485,119,214,55.6,68,92,73.9,321,66.2,173,35.7,44,9.1,34,7,46,9.5
Leandro Bolmaro,MIN,35,19,16,241,50,5,13,38.5,2,4,50,12,24,31,62,5,10,4,8,2,4
Lindell Wigginton,MIL,19,11,8,199,46,7,16,43.8,6,11,54.5,21,45.7,19,41.3,7,15.2,5,10.9,6,13
Lindy Waters III,OKC,25,6,19,465,25,2,8,25,1,2,50,5,20,13,52,2,8,3,12,1,4
Lonnie Walker IV,SAS,70,27,43,1612,406,84,160,52.5,65,81,80.2,237,58.4,174,42.9,49,12.1,26,6.4,41,10.1
Lonzo Ball,CHI,35,22,13,1212,142,16,45,35.6,6,9,66.7,38,26.8,69,48.6,14,9.9,17,12,5,3.5
Lou Williams,ATL,56,33,23,799,276,44,118,37.3,31,38,81.6,123,44.6,112,40.6,27,9.8,19,6.9,19,6.9
Louis King,SAC,10,2,8,104,14,3,9,33.3,0,0,0,6,42.9,4,28.6,1,7.1,0,0,0,0
Luguentz Dort,OKC,51,17,34,1665,538,85,192,44.3,80,93,86,254,47.2,238,44.2,44,8.2,43,8,47,8.7
Luka Doncic,DAL,65,44,21,2301,1440,295,532,55.5,197,257,76.7,814,56.5,622,43.2,188,13.1,105,7.3,128,8.9
Luka Garza,DET,31,3,28,371,13,4,7,57.1,3,4,75,12,92.3,4,30.8,0,0,0,0,2,15.4
Luke Kennard,LAC,70,35,35,1919,184,40,84,47.6,5,8,62.5,88,47.8,80,43.5,29,15.8,9,4.9,4,2.2
Luke Kornet,BOS,15,11,4,103,0,0,0,0,0,0,0,0,0,0,0,0,0,0,0,0,0
MJ Walker,PHX,2,1,1,8,3,0,1,0,0,0,0,0,0,2,66.7,1,33.3,0,0,0,0
Mac McClung,LAL,2,2,0,24,6,0,0,0,0,0,0,0,0,4,66.7,1,16.7,2,33.3,0,0
Malachi Flynn,TOR,44,25,19,537,127,24,47,51.1,6,10,60,55,43.3,69,54.3,12,9.4,3,2.4,5,3.9
Malcolm Brogdon,IND,36,14,22,1206,659,133,246,54.1,67,79,84.8,341,51.7,322,48.9,85,12.9,28,4.2,39,5.9
Malcolm Hill,CHI,19,8,11,212,5,1,1,100,0,0,0,3,60,3,60,0,0,1,20,0,0
Malik Beasley,MIN,79,46,33,1976,161,29,79,36.7,9,10,90,69,42.9,66,41,18,11.2,9,5.6,5,3.1
Malik Fitts,BOS,15,13,2,63,10,1,5,20,0,0,0,2,20,4,40,2,20,1,10,0,0
Malik Monk,LAL,76,32,44,2138,534,84,168,50,21,26,80.8,195,36.5,302,56.6,74,13.9,38,7.1,13,2.4
Malik Newman,CLE,1,0,1,8,4,2,2,100,2,2,100,6,150,1,25,0,0,0,0,1,25
Mamadi Diakite,OKC,13,4,9,188,1,0,1,0,0,0,0,0,0,0,0,0,0,0,0,0,0
Marcus Garrett,MIA,12,11,1,128,14,1,9,11.1,0,0,0,2,14.3,5,35.7,1,7.1,0,0,0,0
Marcus Morris Sr.,LAC,53,26,27,1529,197,64,119,53.8,22,26,84.6,154,78.2,48,24.4,13,6.6,15,7.6,13,6.6
Marcus Smart,BOS,70,47,23,2265,608,109,226,48.2,65,80,81.3,288,47.4,278,45.7,83,13.7,38,6.3,40,6.6
Markelle Fultz,ORL,18,6,12,360,189,42,85,49.4,7,9,77.8,94,49.7,77,40.7,21,11.1,17,9,4,2.1
Markieff Morris,MIA,17,10,7,298,14,4,9,44.4,1,2,50,9,64.3,3,21.4,1,7.1,1,7.1,1,7.1
Marko Simonovic,CHI,9,4,5,35,2,0,0,0,4,4,100,4,200,0,0,0,0,0,0,2,100
Markus Howard,DEN,31,17,14,177,28,5,17,29.4,3,4,75,13,46.4,8,28.6,3,10.7,0,0,2,7.1
Marquese Chriss,DAL,34,24,10,346,15,4,8,50,3,6,50,11,73.3,3,20,1,6.7,0,0,3,20
Marvin Bagley III,DET,48,17,31,1146,116,36,77,46.8,10,18,55.6,86,74.1,21,18.1,1,0.9,6,5.2,9,7.8
Mason Jones,LAL,4,2,2,51,9,3,4,75,3,4,75,10,111.1,3,33.3,1,11.1,0,0,2,22.2
Mason Plumlee,CHA,72,40,32,1771,100,22,37,59.5,9,16,56.3,54,54,44,44,12,12,8,8,8,8
Matisse Thybulle,PHI,66,43,23,1685,54,6,17,35.3,1,2,50,13,24.1,26,48.1,4,7.4,9,16.7,1,1.9
Matt Mooney,NYK,1,1,0,2,0,0,0,0,0,0,0,0,0,0,0,0,0,0,0,0,0
Matt Ryan,BOS,1,1,0,5,1,0,0,0,0,0,0,0,0,1,100,0,0,0,0,0,0
Matt Thomas,CHI,40,23,17,460,17,0,4,0,0,0,0,0,0,10,58.8,1,5.9,2,11.8,0,0
Maurice Harkless,SAC,46,14,32,842,52,15,25,60,9,10,90,41,78.8,19,36.5,3,5.8,2,3.8,5,9.6
Max Strus,MIA,68,46,22,1587,111,18,48,37.5,1,2,50,38,34.2,49,44.1,17,15.3,9,8.1,1,0.9
Maxi Kleber,DAL,59,36,23,1450,72,5,16,31.3,10,12,83.3,21,29.2,40,55.6,8,11.1,8,11.1,6,8.3
McKinley Wright IV,MIN,5,3,2,19,4,1,1,100,0,0,0,2,50,2,50,0,0,1,25,0,0
Melvin Frazier Jr.,OKC,3,0,3,120,33,9,19,47.4,4,4,100,22,66.7,9,27.3,1,3,2,6.1,2,6.1
Micah Potter,DET,3,2,1,31,0,0,0,0,0,0,0,0,0,0,0,0,0,0,0,0,0
Michael Porter Jr.,DEN,9,5,4,265,22,4,12,33.3,0,0,0,9,40.9,8,36.4,2,9.1,2,9.1,0,0
Mikal Bridges,PHX,81,63,18,2815,357,109,182,59.9,41,46,89.1,270,75.6,122,34.2,31,8.7,18,5,23,6.4
Mike Conley,UTA,72,44,28,2058,871,149,325,45.8,66,84,78.6,373,42.8,433,49.7,115,13.2,46,5.3,42,4.8
Mike Muscala,OKC,43,15,28,593,6,2,5,40,1,2,50,5,83.3,0,0,0,0,0,0,1,16.7
Miles Bridges,CHA,79,41,38,2800,860,218,411,53,132,163,81,588,68.4,293,34.1,54,6.3,51,5.9,82,9.5
Miles McBride,NYK,40,19,21,372,38,6,18,33.3,0,0,0,12,31.6,20,52.6,8,21.1,0,0,0,0
Mitchell Robinson,NYK,71,31,40,1821,2,1,1,100,1,2,50,3,150,0,0,0,0,0,0,1,50
Miye Oni,UTA,16,15,1,44,1,0,0,0,0,0,0,0,0,1,100,1,100,0,0,0,0
Mo Bamba,ORL,71,19,52,1824,39,6,22,27.3,4,6,66.7,17,43.6,8,20.5,2,5.1,4,10.3,3,7.7
Monte Morris,DEN,75,44,31,2239,310,87,160,54.4,14,16,87.5,191,61.6,120,38.7,32,10.3,18,5.8,8,2.6
Montrezl Harrell,CHA,71,36,35,1640,50,14,33,42.4,14,21,66.7,42,84,4,8,1,2,3,6,10,20
Moritz Wagner,ORL,63,16,47,960,111,33,54,61.1,29,36,80.6,99,89.2,28,25.2,7,6.3,9,8.1,18,16.2
Moses Brown,CLE,40,19,21,344,2,1,2,50,0,0,0,2,100,0,0,0,0,0,0,0,0
Moses Moody,GSW,51,35,16,584,69,18,31,58.1,5,8,62.5,42,60.9,26,37.7,5,7.2,7,10.1,4,5.8
Moses Wright,DAL,4,4,0,15,0,0,0,0,0,0,0,0,0,0,0,0,0,0,0,0,0
Mychal Mulder,MIA,17,3,14,240,15,3,10,30,2,2,100,8,53.3,2,13.3,0,0,2,13.3,1,6.7
Myles Powell,PHI,11,8,3,52,17,3,8,37.5,0,0,0,6,35.3,8,47.1,1,5.9,1,5.9,0,0
Myles Turner,IND,42,15,27,1235,75,27,51,52.9,16,22,72.7,73,97.3,8,10.7,1,1.3,3,4,11,14.7
Naji Marshall,NOP,55,23,32,736,144,35,70,50,28,32,87.5,100,69.4,40,27.8,16,11.1,17,11.8,16,11.1
Nassir Little,POR,42,19,23,1088,140,32,58,55.2,28,37,75.7,94,67.1,50,35.7,12,8.6,12,8.6,18,12.9
Nate Hinton,IND,2,0,2,2,1,0,1,0,0,0,0,0,0,0,0,0,0,0,0,0,0
Nathan Knight,MIN,37,22,15,267,37,9,19,47.4,13,16,81.3,31,83.8,8,21.6,1,2.7,1,2.7,8,21.6
Naz Reid,MIN,77,42,35,1215,102,31,53,58.5,12,16,75,76,74.5,26,25.5,5,4.9,12,11.8,8,7.8
Neemias Queta,SAC,15,4,11,120,6,2,3,66.7,1,2,50,5,83.3,0,0,0,0,1,16.7,1,16.7
Nemanja Bjelica,GSW,70,48,22,1121,169,20,53,37.7,21,22,95.5,62,36.7,77,45.6,13,7.7,21,12.4,11,6.5
Nerlens Noel,NYK,25,10,15,562,4,0,1,0,0,0,0,0,0,2,50,1,25,1,25,0,0
Nic Claxton,BKN,47,24,23,974,29,9,17,52.9,5,8,62.5,23,79.3,4,13.8,0,0,4,13.8,4,13.8
Nick Richards,CHA,49,25,24,348,3,0,1,0,0,0,0,0,0,1,33.3,0,0,1,33.3,0,0
Nickeil Alexander-Walker,UTA,64,28,36,1449,466,92,206,44.7,43,58,74.1,230,49.4,185,39.7,48,10.3,27,5.8,29,6.2
Nicolas Batum,LAC,58,31,27,1445,37,10,16,62.5,0,0,0,20,54.1,19,51.4,4,10.8,2,5.4,0,0
Nik Stauskas,BOS,8,7,1,39,4,0,0,0,4,6,66.7,4,100,1,25,0,0,0,0,3,75
Nikola Jokic,DEN,74,46,28,2476,308,93,136,68.4,48,60,80,242,78.6,102,33.1,23,7.5,18,5.8,30,9.7
Nikola Vucevic,CHI,73,41,32,2418,171,34,70,48.6,7,10,70,77,45,75,43.9,14,8.2,15,8.8,5,2.9
Norman Powell,LAC,45,15,30,1458,361,87,182,47.8,63,75,84,247,68.4,106,29.4,21,5.8,26,7.2,38,10.5
Norvel Pelle,UTA,3,0,3,19,0,0,0,0,0,0,0,0,0,0,0,0,0,0,0,0,0
O.G. Anunoby,TOR,48,31,17,1728,341,43,122,35.2,20,27,74.1,108,31.7,155,45.5,34,10,29,8.5,14,4.1
Obi Toppin,NYK,71,31,40,1220,124,37,74,50,17,24,70.8,97,78.2,32,25.8,7,5.6,3,2.4,12,9.7
Olivier Sarr,OKC,22,6,16,421,2,0,0,0,0,0,0,0,0,2,100,0,0,0,0,0,0
Omer Yurtseven,MIA,56,39,17,706,7,2,4,50,2,2,100,6,85.7,1,14.3,0,0,0,0,1,14.3
Onyeka Okongwu,ATL,48,26,22,992,9,6,9,66.7,0,0,0,12,133.3,0,0,0,0,0,0,0,0
Oshae Brissett,IND,67,19,48,1564,218,41,107,38.3,46,66,69.7,135,61.9,56,25.7,19,8.7,16,7.3,33,15.1
Otto Porter Jr.,GSW,62,41,21,1372,56,10,28,35.7,13,16,81.3,33,58.9,15,26.8,3,5.4,4,7.1,8,14.3
P.J. Tucker,MIA,71,45,26,1981,81,20,37,54.1,8,10,80,48,59.3,35,43.2,7,8.6,4,4.9,5,6.2
P.J. Washington,CHA,65,33,32,1768,168,32,59,54.2,17,23,73.9,81,48.2,72,42.9,21,12.5,19,11.3,12,7.1
PJ Dozier,DEN,18,9,9,340,45,5,13,38.5,8,10,80,18,40,22,48.9,8,17.8,3,6.7,5,11.1
Paris Bass,PHX,1,1,0,5,0,0,0,0,0,0,0,0,0,0,0,0,0,0,0,0,0
Pascal Siakam,TOR,68,40,28,2578,971,226,428,52.8,119,161,73.9,590,60.8,360,37.1,79,8.1,69,7.1,80,8.2
Pat Connaughton,MIL,65,41,24,1691,123,29,46,63,3,4,75,62,50.4,62,50.4,14,11.4,11,8.9,2,1.6
Patrick Beverley,MIN,58,33,25,1476,328,62,127,48.8,43,55,78.2,168,51.2,156,47.6,39,11.9,14,4.3,28,8.5
Patrick Williams,CHI,17,9,8,422,49,17,24,70.8,12,16,75,48,98,13,26.5,2,4.1,2,4.1,8,16.3
Patty Mills,BKN,81,44,37,2346,210,23,60,38.3,8,8,100,57,27.1,127,60.5,32,15.2,10,4.8,4,1.9
Paul George,LAC,31,18,13,1077,416,75,161,46.6,56,62,90.3,211,50.7,167,40.1,45,10.8,35,8.4,31,7.5
Paul Millsap,PHI,33,22,11,376,45,6,20,30,7,10,70,19,42.2,14,31.1,3,6.7,5,11.1,5,11.1
Paul Reed,PHI,38,21,17,303,29,6,18,33.3,0,0,0,12,41.4,7,24.1,2,6.9,2,6.9,0,0
Paul Watson,OKC,9,2,7,156,17,5,6,83.3,0,0,0,10,58.8,8,47.1,1,5.9,3,17.6,0,0
Payton Pritchard,BOS,71,46,25,1001,173,20,53,37.7,4,4,100,45,26,105,60.7,27,15.6,12,6.9,2,1.2
Petr Cornelie,DEN,13,3,10,38,1,0,0,0,0,0,0,0,0,1,100,0,0,0,0,0,0
Precious Achiuwa,TOR,73,46,27,1725,194,46,119,38.7,25,36,69.4,120,61.9,32,16.5,8,4.1,20,10.3,18,9.3
Quentin Grimes,NYK,45,20,25,780,42,4,10,40,2,2,100,10,23.8,23,54.8,5,11.9,5,11.9,1,2.4
Quinndary Weatherspoon,GSW,11,8,3,73,10,3,5,60,2,2,100,8,80,4,40,1,10,0,0,1,10
R.J. Hampton,ORL,64,15,49,1402,430,58,174,33.3,28,51,54.9,149,34.7,196,45.6,34,7.9,23,5.3,24,5.6
RJ Barrett,NYK,69,32,37,2384,885,190,456,41.7,120,172,69.8,515,58.2,266,30.1,78,8.8,51,5.8,87,9.8
RJ Nembhard Jr.,CLE,14,6,8,63,29,3,11,27.3,1,2,50,7,24.1,14,48.3,2,6.9,2,6.9,1,3.4
Rajon Rondo,CLE,39,16,23,698,199,30,70,42.9,5,8,62.5,66,33.2,96,48.2,20,10.1,21,10.6,4,2
Raul Neto,WAS,70,29,41,1372,505,118,240,49.2,40,52,76.9,284,56.2,199,39.4,51,10.1,29,5.7,26,5.1
Rayjon Tucker,MIL,5,2,3,71,5,1,1,100,2,2,100,4,80,3,60,1,20,0,0,1,20
Reggie Bullock,DAL,68,44,24,1902,52,11,28,39.3,5,6,83.3,28,53.8,16,30.8,6,11.5,5,9.6,3,5.8
Reggie Jackson,LAC,74,38,36,2305,805,177,388,45.6,66,78,84.6,423,52.5,297,36.9,83,10.3,51,6.3,40,5
Reggie Perry,POR,10,0,10,187,14,3,11,27.3,0,0,0,6,42.9,0,0,0,0,2,14.3,0,0
Richaun Holmes,SAC,44,15,29,1041,24,13,17,76.5,1,2,50,27,112.5,4,16.7,2,8.3,1,4.2,1,4.2
Ricky Rubio,IND,34,20,14,970,429,60,151,39.7,26,28,92.9,148,34.5,221,51.5,58,13.5,32,7.5,14,3.3
Rob Edwards,OKC,2,0,2,11,0,0,0,0,0,0,0,0,0,0,0,0,0,0,0,0,0
Robert Covington,LAC,71,34,37,1940,130,24,63,38.1,18,20,90,66,50.8,44,33.8,10,7.7,10,7.7,10,7.7
Robert Williams III,BOS,60,40,20,1770,5,0,0,0,1,2,50,1,20,4,80,0,0,0,0,1,20
Robert Woodard II,SAS,12,0,12,42,5,0,3,0,0,0,0,0,0,2,40,0,0,0,0,0,0
Robin Lopez,ORL,36,9,27,612,31,8,17,47.1,4,8,50,21,67.7,4,12.9,2,6.5,4,12.9,4,12.9
Rodney Hood,LAC,52,30,22,709,55,11,25,44,4,4,100,26,47.3,26,47.3,6,10.9,1,1.8,2,3.6
Rodney McGruder,DET,50,13,37,737,69,13,24,54.2,6,10,60,32,46.4,28,40.6,5,7.2,7,10.1,5,7.2
Romeo Langford,SAS,48,24,24,771,95,23,51,45.1,10,16,62.5,58,61.1,27,28.4,5,5.3,5,5.3,8,8.4
Royce O'Neale,UTA,77,46,31,2406,160,23,43,53.5,18,20,90,67,41.9,83,51.9,14,8.8,19,11.9,10,6.3
Rudy Gay,UTA,55,34,21,1038,89,12,47,25.5,17,22,77.3,43,48.3,24,27,4,4.5,7,7.9,11,12.4
Rudy Gobert,UTA,66,42,24,2120,19,4,9,44.4,3,6,50,11,57.9,2,10.5,1,5.3,4,21.1,3,15.8
Rui Hachimura,WAS,42,16,26,944,121,37,71,52.1,7,14,50,86,71.1,28,23.1,1,0.8,9,7.4,7,5.8
Russell Westbrook,LAL,78,31,47,2678,1319,228,469,48.6,129,190,67.9,597,45.3,618,46.9,149,11.3,97,7.4,94,7.1
Ryan Arcidiacono,NYK,10,8,2,76,13,2,2,100,0,0,0,4,30.8,10,76.9,1,7.7,1,7.7,0,0
Saben Lee,DET,36,8,28,588,243,18,49,36.7,26,34,76.5,64,26.3,150,61.7,37,15.2,18,7.4,17,7
Saddiq Bey,DET,81,23,58,2672,457,89,207,43,88,105,83.8,277,60.6,163,35.7,41,9,28,6.1,53,11.6
Sam Dekker,TOR,1,1,0,1,0,0,0,0,0,0,0,0,0,0,0,0,0,0,0,0,0
Sam Hauser,BOS,26,20,6,158,4,0,0,0,0,0,0,0,0,4,100,1,25,0,0,0,0
Sam Merrill,MEM,6,2,4,58,8,0,0,0,0,0,0,0,0,7,87.5,2,25,0,0,0,0
Sandro Mamukelashvili,MIL,41,22,19,407,31,7,12,58.3,5,6,83.3,20,64.5,13,41.9,4,12.9,2,6.5,3,9.7
Santi Aldama,MEM,31,19,12,342,42,7,23,30.4,1,2,50,16,38.1,14,33.3,3,7.1,3,7.1,1,2.4
Scottie Barnes,TOR,74,43,31,2617,345,90,198,45.5,28,44,63.6,214,62,90,26.1,14,4.1,26,7.5,22,6.4
Scottie Lewis,CHA,2,1,1,7,1,0,0,0,0,0,0,0,0,1,100,0,0,0,0,0,0
Scotty Hopson,OKC,1,0,1,18,2,0,1,0,0,0,0,0,0,0,0,0,0,1,50,0,0
Sekou Doumbouya,LAL,2,0,2,16,0,0,0,0,0,0,0,0,0,0,0,0,0,0,0,0,0
Semi Ojeleye,LAC,30,14,16,406,28,5,19,26.3,5,6,83.3,15,53.6,5,17.9,0,0,1,3.6,3,10.7
Serge Ibaka,MIL,53,30,23,858,34,9,13,69.2,0,0,0,18,52.9,13,38.2,4,11.8,5,14.7,0,0
Seth Curry,BKN,64,38,26,2134,311,67,120,55.8,8,9,88.9,144,46.3,156,50.2,43,13.8,26,8.4,5,1.6
Shai Gilgeous-Alexander,OKC,56,16,40,1942,1339,283,576,49.1,193,241,80.1,780,58.3,538,40.2,101,7.5,59,4.4,121,9
Shake Milton,PHI,55,34,21,1179,352,84,182,46.2,26,28,92.9,204,58,130,36.9,33,9.4,18,5.1,15,4.3
Shaq Buchanan,MEM,2,2,0,10,0,0,0,0,0,0,0,0,0,0,0,0,0,0,0,0,0
Shaquille Harrison,BKN,2,1,1,23,4,1,1,100,0,0,0,2,50,2,50,1,25,1,25,0,0
Sharife Cooper,ATL,13,8,5,39,13,1,6,16.7,0,0,0,2,15.4,6,46.2,0,0,1,7.7,0,0
Skylar Mays,ATL,28,17,11,220,42,12,20,60,3,4,75,28,66.7,15,35.7,3,7.1,3,7.1,2,4.8
Solomon Hill,ATL,13,7,6,139,6,0,2,0,0,0,0,0,0,4,66.7,0,0,0,0,0,0
Spencer Dinwiddie,DAL,67,38,29,1981,694,153,309,49.5,111,139,79.9,438,63.1,267,38.5,69,9.9,32,4.6,69,9.9
Stanley Johnson,LAL,48,16,32,1094,119,29,53,54.7,10,17,58.8,70,58.8,47,39.5,9,7.6,6,5,9,7.6
Stephen Curry,GSW,64,45,19,2211,614,131,255,51.4,73,81,90.1,348,56.7,269,43.8,65,10.6,38,6.2,40,6.5
Sterling Brown,DAL,49,31,18,628,74,14,27,51.9,2,2,100,30,40.5,34,45.9,4,5.4,11,14.9,1,1.4
Steven Adams,MEM,75,50,25,1977,43,11,23,47.8,5,12,41.7,28,65.1,10,23.3,3,7,3,7,6,14
Svi Mykhailiuk,TOR,56,29,27,716,107,14,33,42.4,7,8,87.5,35,32.7,57,53.3,9,8.4,11,10.3,4,3.7
T.J. McConnell,IND,27,9,18,652,308,54,107,50.5,12,12,100,121,39.3,183,59.4,42,13.6,6,1.9,6,1.9
Tacko Fall,CLE,11,4,7,59,1,0,0,0,0,0,0,0,0,0,0,0,0,0,0,0,0
Taj Gibson,NYK,51,23,28,925,5,0,1,0,2,2,100,2,40,3,60,0,0,0,0,1,20
Talen Horton-Tucker,LAL,60,23,37,1511,424,97,206,47.1,52,59,88.1,246,58,150,35.4,35,8.3,26,6.1,30,7.1
Taurean Prince,MIN,69,40,29,1177,124,35,59,59.3,24,26,92.3,97,78.2,42,33.9,14,11.3,7,5.6,13,10.5
Terance Mann,LAC,80,41,39,2284,381,79,164,48.2,34,45,75.6,198,52,165,43.3,37,9.7,22,5.8,23,6
Terence Davis,SAC,29,10,19,519,113,28,59,47.5,10,10,100,69,61.1,40,35.4,10,8.8,7,6.2,5,4.4
Terrence Ross,ORL,63,14,49,1448,245,70,135,51.9,42,46,91.3,191,78,62,25.3,18,7.3,18,7.3,23,9.4
Terry Rozier,CHA,72,38,34,2427,724,148,301,49.2,38,43,88.4,347,47.9,350,48.3,74,10.2,33,4.6,21,2.9
Terry Taylor,IND,33,7,26,714,52,13,28,46.4,3,4,75,29,55.8,18,34.6,2,3.8,3,5.8,2,3.8
Thaddeus Young,TOR,52,27,25,845,52,19,32,59.4,3,8,37.5,42,80.8,12,23.1,2,3.8,3,5.8,4,7.7
Thanasis Antetokounmpo,MIL,48,26,22,473,46,10,21,47.6,8,10,80,29,63,16,34.8,2,4.3,3,6.5,5,10.9
Theo Maledon,OKC,51,14,37,908,312,50,119,42,43,55,78.2,148,47.4,135,43.3,25,8,22,7.1,28,9
Theo Pinson,DAL,19,14,5,148,9,2,5,40,4,4,100,8,88.9,1,11.1,0,0,1,11.1,2,22.2
Thomas Bryant,WAS,27,8,19,439,10,2,5,40,2,2,100,6,60,3,30,1,10,0,0,1,10
Tim Frazier,CLE,12,1,11,208,40,4,13,30.8,1,2,50,9,22.5,21,52.5,5,12.5,4,10,1,2.5
Tim Hardaway Jr.,DAL,42,24,18,1245,109,24,57,42.1,22,28,78.6,73,67,32,29.4,9,8.3,4,3.7,14,12.8
Timothe Luwawu-Cabarrot,ATL,52,30,22,685,63,5,22,22.7,10,13,76.9,20,31.7,27,42.9,8,12.7,6,9.5,7,11.1
Tobias Harris,PHI,73,45,28,2543,672,180,371,48.5,63,71,88.7,431,64.1,218,32.4,43,6.4,29,4.3,36,5.4
Tomas Satoransky,WAS,55,21,34,906,246,28,68,41.2,20,25,80,81,32.9,149,60.6,40,16.3,13,5.3,13,5.3
Tony Bradley,CHI,55,28,27,549,6,1,4,25,0,0,0,2,33.3,0,0,0,0,1,16.7,0,0
Tony Snell,NOP,53,19,34,823,45,5,15,33.3,0,0,0,11,24.4,24,53.3,8,17.8,4,8.9,0,0
Torrey Craig,PHX,78,36,42,1596,120,23,49,46.9,9,12,75,57,47.5,45,37.5,9,7.5,16,13.3,6,5
Trae Young,ATL,76,40,36,2652,1311,307,616,49.8,123,138,89.1,761,58,511,39,159,12.1,86,6.6,68,5.2
Trayvon Palmer,DET,1,0,1,17,0,0,0,0,0,0,0,0,0,0,0,0,0,0,0,0,0
Tre Jones,SAS,69,32,37,1148,366,91,173,52.6,35,50,70,221,60.4,148,40.4,28,7.7,14,3.8,25,6.8
Tre Mann,OKC,60,17,43,1367,423,89,211,42.2,23,32,71.9,205,48.5,162,38.3,21,5,29,6.9,16,3.8
Tremont Waters,WAS,3,0,3,50,15,2,4,50,0,0,0,4,26.7,8,53.3,3,20,2,13.3,0,0
Trendon Watford,POR,48,16,32,869,111,28,49,57.1,19,24,79.2,76,68.5,37,33.3,4,3.6,7,6.3,12,10.8
Trent Forrest,UTA,60,36,24,766,300,55,102,53.9,24,31,77.4,136,45.3,149,49.7,34,11.3,24,8,15,5
Trevelin Queen,HOU,10,1,9,74,7,1,2,50,2,2,100,5,71.4,3,42.9,0,0,1,14.3,1,14.3
Trevon Scott,CLE,2,1,1,11,3,2,3,66.7,0,0,0,4,133.3,0,0,0,0,0,0,0,0
Trevor Ariza,LAL,24,8,16,462,28,2,9,22.2,0,0,0,4,14.3,15,53.6,2,7.1,2,7.1,0,0
Trey Burke,DAL,42,24,18,441,131,27,57,47.4,14,16,87.5,68,51.9,57,43.5,10,7.6,5,3.8,8,6.1
Trey Lyles,SAC,74,19,55,1511,284,65,122,53.3,59,79,74.7,202,71.1,97,34.2,17,6,17,6,39,13.7
Trey Murphy III,NOP,62,31,31,864,66,6,28,21.4,8,10,80,21,31.8,28,42.4,6,9.1,4,6.1,5,7.6
Tristan Thompson,CHI,56,19,37,883,43,10,25,40,4,8,50,24,55.8,6,14,3,7,7,16.3,4,9.3
Troy Brown Jr.,CHI,66,37,29,1055,85,12,38,31.6,7,10,70,30,35.3,34,40,9,10.6,7,8.2,4,4.7
Ty Jerome,OKC,48,15,33,801,278,54,111,48.6,21,24,87.5,131,47.1,126,45.3,35,12.6,14,5,12,4.3
Tyler Cook,CHI,20,13,7,200,5,0,3,0,0,0,0,0,0,1,20,0,0,1,20,0,0
Tyler Hall,NYK,1,1,0,2,0,0,0,0,0,0,0,0,0,0,0,0,0,0,0,0,0
Tyler Herro,MIA,66,44,22,2151,778,165,363,45.5,73,84,86.9,415,53.3,307,39.5,78,10,49,6.3,42,5.4
Tyler Johnson,SAS,6,2,4,91,3,0,1,0,0,0,0,0,0,2,66.7,1,33.3,0,0,0,0
Tyrell Terry,MEM,2,2,0,3,0,0,0,0,0,0,0,0,0,0,0,0,0,0,0,0,0
Tyrese Haliburton,IND,76,25,51,2664,918,139,304,45.7,80,95,84.2,371,40.4,492,53.6,147,16,59,6.4,48,5.2
Tyrese Maxey,PHI,75,45,30,2650,666,217,434,50,79,93,84.9,535,80.3,150,22.5,45,6.8,29,4.4,47,7.1
Tyrone Wallace,NOP,6,4,2,75,10,1,4,25,0,2,0,2,20,5,50,1,10,0,0,1,10
Tyus Jones,MEM,72,50,22,1529,380,106,230,46.1,23,26,88.5,239,62.9,112,29.5,36,9.5,17,4.5,13,3.4
Udoka Azubuike,UTA,17,11,6,195,0,0,0,0,0,0,0,0,0,0,0,0,0,0,0,0,0
Udonis Haslem,MIA,13,10,3,83,1,0,1,0,0,0,0,0,0,0,0,0,0,0,0,0,0
Usman Garuba,HOU,24,2,22,239,7,0,1,0,1,2,50,1,14.3,5,71.4,1,14.3,0,0,1,14.3
Vernon Carey Jr.,WAS,7,3,4,44,1,0,0,0,0,0,0,0,0,1,100,0,0,0,0,0,0
Victor Oladipo,MIA,8,4,4,173,54,10,17,58.8,5,6,83.3,26,48.1,28,51.9,10,18.5,5,9.3,3,5.6
Vit Krejci,OKC,30,8,22,690,125,14,28,50,9,10,90,39,31.2,78,62.4,11,8.8,14,11.2,5,4
Vlatko Cancar,DEN,15,7,8,176,17,1,4,25,3,4,75,5,29.4,8,47.1,1,5.9,1,5.9,2,11.8
Wayne Ellington,LAL,43,15,28,810,28,6,8,75,0,0,0,12,42.9,18,64.3,3,10.7,2,7.1,0,0
Wayne Selden,NYK,3,2,1,19,5,0,2,0,2,4,50,2,40,1,20,0,0,0,0,2,40
Wendell Carter Jr.,ORL,62,16,46,1852,176,52,92,56.5,26,39,66.7,136,77.3,42,23.9,9,5.1,16,9.1,20,11.4
Wenyen Gabriel,LAL,25,8,17,357,26,8,15,53.3,2,2,100,19,73.1,7,26.9,2,7.7,2,7.7,1,3.8
Wes Iwundu,ATL,3,2,1,82,7,2,3,66.7,2,2,100,6,85.7,3,42.9,0,0,0,0,1,14.3
Wesley Matthews,MIL,49,33,16,1002,62,17,33,51.5,4,4,100,39,62.9,21,33.9,7,11.3,3,4.8,2,3.2
Will Barton,DEN,71,41,30,2276,434,96,201,47.8,46,54,85.2,245,56.5,169,38.9,52,12,23,5.3,27,6.2
Willie Cauley-Stein,PHI,20,12,8,183,5,1,3,33.3,0,0,0,2,40,2,40,0,0,0,0,0,0
Willy Hernangomez,NOP,50,22,28,839,11,3,7,42.9,1,2,50,8,72.7,2,18.2,0,0,0,0,1,9.1
Xavier Moon,LAC,10,7,3,137,16,3,12,25,0,0,0,6,37.5,4,25,0,0,0,0,0,0
Xavier Sneed,UTA,9,7,2,39,1,0,1,0,0,0,0,0,0,0,0,0,0,0,0,0,0
Xavier Tillman,MEM,53,35,18,701,33,5,13,38.5,11,16,68.8,22,66.7,8,24.2,0,0,4,12.1,8,24.2
Yuta Watanabe,TOR,38,21,17,445,43,9,20,45,5,8,62.5,23,53.5,13,30.2,2,4.7,3,7,4,9.3
Yves Pons,MEM,12,9,3,71,3,0,0,0,0,0,0,0,0,2,66.7,1,33.3,1,33.3,0,0
Zach Collins,SAS,28,14,14,502,11,2,2,100,0,0,0,4,36.4,5,45.5,3,27.3,4,36.4,0,0
Zach LaVine,CHI,67,37,30,2328,661,168,331,50.8,142,163,87.1,498,75.3,184,27.8,45,6.8,41,6.2,81,12.3
Zavier Simpson,OKC,4,1,3,174,82,18,38,47.4,4,4,100,41,50,38,46.3,7,8.5,3,3.7,2,2.4
Zeke Nnaji,DEN,41,24,17,698,24,3,8,37.5,9,16,56.3,15,62.5,7,29.2,2,8.3,1,4.2,8,33.3
Ziaire Williams,MEM,61,40,21,1321,76,19,42,45.2,5,6,83.3,43,56.6,24,31.6,8,10.5,4,5.3,3,3.9
Zylan Cheatham,UTA,1,0,1,5,0,0,0,0,0,0,0,0,0,0,0,0,0,0,0,0,0